employee_id;empl_name;age
1;Nicole T Fuller;38
2;Christine W Palmer;51
3;Pablo Y Cline;56
4;Darnell O Nielsen;30
5;Desiree L Stuart;56
6;Holly E Collins;32
7;Chadwick P Cook;49
8;Julie E Dyer;63
9;Daphne X King;63
10;Jean P Vang;56
11;Sonya E Dickson;43
12;Lindsay M Chen;68
13;Katina Y Marks;56
14;Wendi G Buckley;58
15;Kari D Finley;47
16;Chadwick U Walton;68
17;Seth D Franco;30
18;Warren C Bartlett;55
19;Bernard L Moody;49
20;Shelby P Riddle;55
21;Devon D Brewer;53
22;Tonia O Mc Millan;67
23;Janet K Flowers;40
